{
    "chimps": [
        17.5,
        19,
        16.7,
        17.3,
        16.5,
        18.7,
        26.8,
        28.866666666666667,
        18.95,
        47.983333333333334,
        19.15,
        17.383333333333333,
        32.2,
        26.616666666666667,
        25,
        16.016666666666666,
        5,
        26.816666666666666,
        15.75,
        5.233333333333333,
        18.116666666666667,
        8,
        6.816666666666666,
        9,
        21.133333333333333,
        14.5,
        34.25,
        5,
        15.25,
        13.066666666666666,
        15.9,
        27.95,
        25.333333333333332,
        36,
        33.75,
        20.983333333333334,
        43.5,
        29.05,
        37.916666666666664,
        1,
        46.2,
        11.6,
        9.25,
        23.666666666666668,
        53.1,
        7,
        24.633333333333333,
        55.71666666666667,
        50,
        28.966666666666665,
        24.133333333333333,
        20.55,
        35,
        19.4,
        29.766666666666666,
        16.166666666666668,
        26.216666666666665,
        43.983333333333334,
        26.15,
        1,
        20,
        48.28333333333333,
        42.25,
        9.516666666666667,
        62,
        22.75,
        26.433333333333334,
        8.433333333333334,
        42.11666666666667,
        41.13333333333333,
        16.55,
        21.683333333333334,
        26.95,
        82.38333333333334,
        22.583333333333332,
        1.7666666666666666,
        58.916666666666664,
        90,
        60,
        2,
        26.466666666666665,
        35.666666666666664,
        60.2,
        25,
        10,
        20.85,
        10,
        14.55,
        20.733333333333334,
        11.9,
        30,
        35,
        20,
        15,
        50.8,
        32.11666666666667,
        5,
        30,
        12,
        0.1
    ],
    "abr": [
        23,
        25,
        16.7,
        17.3,
        20.53,
        18.7,
        26.8,
        28,
        18.95,
        44.15,
        19.15,
        17.38,
        32.2,
        26.62,
        25,
        16.02,
        5,
        26.82,
        15.75,
        5.23,
        18.12,
        8,
        9,
        1,
        21.13,
        18.2,
        34.25,
        5,
        15.25,
        13.07,
        14.7,
        26,
        25.33,
        36,
        33.75,
        18.98,
        43.5,
        29.05,
        37.92,
        1,
        32,
        10.6,
        9.25,
        23.67,
        38.07,
        7,
        24.63,
        52,
        50,
        18,
        21.12,
        20.55,
        35,
        19.4,
        29.78,
        20.17,
        26.22,
        43.98,
        26.15,
        1,
        24.37,
        48.28,
        42.25,
        9.52,
        40.65,
        23.75,
        26.43,
        8.43,
        42.12,
        30,
        16.55,
        21.68,
        26.95,
        31.43,
        22.58,
        10,
        58.92,
        79.4,
        60,
        20,
        26.47,
        37.55,
        60.2,
        35,
        10,
        20.85,
        10,
        13.05,
        18.15,
        11.9,
        30,
        35,
        20,
        15,
        40.8,
        32.12,
        4.22,
        20,
        19.27,
        0.1
    ]
}